model,accuracy,precision,recall,f1,roc_auc
RandomForest,0.513888888888889,0.5369642857142857,0.45698539245662867,0.4201172136365483,0.5161813035530184
XGBoost,0.5,0.6046266233766233,0.5101475614449911,0.4358840935276249,0.533999478052549
